{
    "anchorpoints": [],
    "portpins": [
        {
            "name": "1",
            "position": [
                0.0,
                -1.6200374375330284e-12,
                -1.1368683772161603e-13
            ],
            "rotation": [
                0.0,
                -1.0,
                4.052314039881821e-15,
                1.0,
                0.0,
                -0.0,
                0.0,
                4.052314039881821e-15,
                1.0
            ]
        }
    ],
    "version": 7
}